--
-- PostgreSQL database 
--


SET statement_timeout = 0;
SET lock_timeout = 0;
SET client_encoding = 'UTF8';
SET standard_conforming_strings = on;
SELECT pg_catalog.set_config('search_path', '', false);
SET check_function_bodies = false;
SET client_min_messages = warning;
SET row_security = off;

--
-- TOC entry 1 (class 3079 OID 12403)
-- Name: plpgsql; Type: EXTENSION; Schema: -; Owner: -
--

CREATE EXTENSION IF NOT EXISTS plpgsql WITH SCHEMA pg_catalog;


--
-- TOC entry 2206 (class 0 OID 0)
-- Dependencies: 1
-- Name: EXTENSION plpgsql; Type: COMMENT; Schema: -; Owner: -
--

COMMENT ON EXTENSION plpgsql IS 'PL/pgSQL procedural language';


SET default_tablespace = '';

SET default_with_oids = false;

--
-- TOC entry 190 (class 1259 OID 18600)
-- Name: commune; Type: TABLE; Schema: public; Owner: -
--

CREATE TABLE public.commune (
    com_code integer NOT NULL,
    com_nom character varying(50) NOT NULL
);


--
-- TOC entry 188 (class 1259 OID 18499)
-- Name: contenu; Type: TABLE; Schema: public; Owner: -
--

CREATE TABLE public.contenu (
    con_qte double precision NOT NULL,
    cven_id integer NOT NULL,
    cpro_id integer NOT NULL
);


--
-- TOC entry 184 (class 1259 OID 18475)
-- Name: jour; Type: TABLE; Schema: public; Owner: -
--

CREATE TABLE public.jour (
    jour_id integer NOT NULL,
    jou_date date NOT NULL
);


--
-- TOC entry 183 (class 1259 OID 18473)
-- Name: jour_jour_id_seq; Type: SEQUENCE; Schema: public; Owner: -
--

CREATE SEQUENCE public.jour_jour_id_seq
    START WITH 1
    INCREMENT BY 1
    NO MINVALUE
    NO MAXVALUE
    CACHE 1;


--
-- TOC entry 2207 (class 0 OID 0)
-- Dependencies: 183
-- Name: jour_jour_id_seq; Type: SEQUENCE OWNED BY; Schema: public; Owner: -
--

ALTER SEQUENCE public.jour_jour_id_seq OWNED BY public.jour.jour_id;


--
-- TOC entry 182 (class 1259 OID 18467)
-- Name: produit; Type: TABLE; Schema: public; Owner: -
--

CREATE TABLE public.produit (
    pro_id integer NOT NULL,
    pro_nom character varying(30) NOT NULL,
    pro_leg boolean
);


--
-- TOC entry 181 (class 1259 OID 18465)
-- Name: produit_pro_id_seq; Type: SEQUENCE; Schema: public; Owner: -
--

CREATE SEQUENCE public.produit_pro_id_seq
    START WITH 1
    INCREMENT BY 1
    NO MINVALUE
    NO MAXVALUE
    CACHE 1;


--
-- TOC entry 2208 (class 0 OID 0)
-- Dependencies: 181
-- Name: produit_pro_id_seq; Type: SEQUENCE OWNED BY; Schema: public; Owner: -
--

ALTER SEQUENCE public.produit_pro_id_seq OWNED BY public.produit.pro_id;


--
-- TOC entry 187 (class 1259 OID 18494)
-- Name: stock; Type: TABLE; Schema: public; Owner: -
--

CREATE TABLE public.stock (
    sto_qte double precision NOT NULL,
    sto_pert boolean,
    spro_id integer NOT NULL,
    sjour_id integer NOT NULL,
    sto_id integer NOT NULL
);


--
-- TOC entry 189 (class 1259 OID 18591)
-- Name: stock_sto_id_seq; Type: SEQUENCE; Schema: public; Owner: -
--

CREATE SEQUENCE public.stock_sto_id_seq
    START WITH 1
    INCREMENT BY 1
    NO MINVALUE
    NO MAXVALUE
    CACHE 1;


--
-- TOC entry 2209 (class 0 OID 0)
-- Dependencies: 189
-- Name: stock_sto_id_seq; Type: SEQUENCE OWNED BY; Schema: public; Owner: -
--

ALTER SEQUENCE public.stock_sto_id_seq OWNED BY public.stock.sto_id;


--
-- TOC entry 186 (class 1259 OID 18488)
-- Name: vente; Type: TABLE; Schema: public; Owner: -
--

CREATE TABLE public.vente (
    ven_id integer NOT NULL,
    ven_heur time with time zone NOT NULL,
    vcom_code integer,
    vjour_id integer
);


--
-- TOC entry 185 (class 1259 OID 18486)
-- Name: vente_ven_id_seq; Type: SEQUENCE; Schema: public; Owner: -
--

CREATE SEQUENCE public.vente_ven_id_seq
    START WITH 1
    INCREMENT BY 1
    NO MINVALUE
    NO MAXVALUE
    CACHE 1;


--
-- TOC entry 2210 (class 0 OID 0)
-- Dependencies: 185
-- Name: vente_ven_id_seq; Type: SEQUENCE OWNED BY; Schema: public; Owner: -
--

ALTER SEQUENCE public.vente_ven_id_seq OWNED BY public.vente.ven_id;


--
-- TOC entry 2054 (class 2604 OID 18478)
-- Name: jour_id; Type: DEFAULT; Schema: public; Owner: -
--

ALTER TABLE ONLY public.jour ALTER COLUMN jour_id SET DEFAULT nextval('public.jour_jour_id_seq'::regclass);


--
-- TOC entry 2053 (class 2604 OID 18470)
-- Name: pro_id; Type: DEFAULT; Schema: public; Owner: -
--

ALTER TABLE ONLY public.produit ALTER COLUMN pro_id SET DEFAULT nextval('public.produit_pro_id_seq'::regclass);


--
-- TOC entry 2056 (class 2604 OID 18593)
-- Name: sto_id; Type: DEFAULT; Schema: public; Owner: -
--

ALTER TABLE ONLY public.stock ALTER COLUMN sto_id SET DEFAULT nextval('public.stock_sto_id_seq'::regclass);


--
-- TOC entry 2055 (class 2604 OID 18491)
-- Name: ven_id; Type: DEFAULT; Schema: public; Owner: -
--

ALTER TABLE ONLY public.vente ALTER COLUMN ven_id SET DEFAULT nextval('public.vente_ven_id_seq'::regclass);


--
-- TOC entry 2198 (class 0 OID 18600)
-- Dependencies: 190
-- Data for Name: commune; Type: TABLE DATA; Schema: public; Owner: -
--

COPY public.commune (com_code, com_nom) FROM stdin;
10001	DUN
10002	CAPOULET ET JUNAC
10003	NALZEN
10004	VERDUN
10005	CARCANIERES
10006	ST PIERRE DE RIVIERE
10007	ARABAUX
10008	MONTJOIE EN COUSERANS
10009	LOUBIERES
10010	BOUAN
10011	URS
10012	SOUEIX ROGALLE
10013	ENCOURTIECH
10014	VILLENEUVE
10015	MERCUS GARRABET
10016	LA BASTIDE DE BOUSIGNAC
10017	ST JULIEN DE GRAS CAPOU
10018	COUTENS
10019	GABRE
10020	MONTOULIEU
10021	LE PLA
10022	LE PUCH
10023	RIEUCROS
10024	ROUZE
10025	MAUVEZIN DE PRAT
10026	LARCAT
10027	ORGEIX
10028	AXIAT
10029	CAUSSOU
10030	SALSEIN
10031	MALEGOUDE
10032	RIMONT
10033	RABAT LES TROIS SEIGNEURS
10034	LESPARROU
10035	GAJAN
10036	MIGLOS
10037	BENAIX
10038	DALOU
10039	PAMIERS
10040	MOULIN NEUF
10041	SEIX
10042	ILLARTEIN
10043	ORNOLAC USSAT LES BAINS
10044	BRASSAC
10045	CELLES
10046	COUFLENS
10047	ALBIES
10048	MONTAGAGNE
10049	LA TOUR DU CRIEU
10050	VEBRE
10051	MIJANES
10052	QUERIGUT
10053	ARROUT
10054	ANTRAS
10055	DAUMAZAN SUR ARIZE
10056	LES BORDES SUR ARIZE
10057	ARGEIN
10058	GALEY
10059	GOULIER
10060	LE FOSSAT
10061	MONTARDIT
10062	ARTIGUES
10063	CAZENAVE SERRES ET ALLENS
10064	MONTEGUT EN COUSERANS
10065	ORGIBET
10066	BESTIAC
10067	CAMARADE
10068	LA BASTIDE DE SEROU
10069	LES PUJOLS
10070	ST AMADOU
10071	BELLOC
10072	BRIE
10073	ESCLAGNE
10074	LERCOUL
10075	UNZENT
10076	L HOSPITALET PRES L ANDORRE
10077	BETCHAT
10078	CAUMONT
10079	LA BASTIDE DU SALAT
10080	SABARAT
10081	PRADETTES
10082	OUST
10083	CONTRAZY
10084	ROQUEFIXADE
10085	CRAMPAGNA
10086	LA BASTIDE DE LORDAT
10087	SENTENAC D OUST
10088	LANOUX
10089	LA BASTIDE SUR L HERS
10090	PRAT BONREPAUX
10091	TABRE
10092	BAGERT
10093	RIVERENERT
10094	ILHAT
10095	ST JEAN D AIGUES VIVES
10096	ORUS
10097	JUSTINIAC
10098	DUN
10099	LACAVE
10100	VERNIOLLE
10101	LES CABANNES
10102	CHATEAU VERDUN
10103	CANTE
10104	ST JEAN DE VERGES
10105	ST JEAN DE VERGES
10106	CARLA DE ROQUEFORT
10107	BARJAC
10108	TROYE D ARIEGE
10109	LA BASTIDE DE BESPLAS
10110	USSAT
10111	ESPLAS DE SEROU
10112	ROQUEFORT LES CASCADES
10113	PAILHES
10114	RAISSAC
10115	LESCURE
10116	CAMPAGNE SUR ARIZE
10117	ALEU
10118	LUDIES
10119	MONTJOIE EN COUSERANS
10120	TOURTROL
10121	SIGUER
10122	LIMBRASSAC
10123	L AIGUILLON
10124	AIGUES JUNTES
10125	COUSSA
10126	ST JEAN DU FALGA
10127	SIEURAS
10128	BOMPAS
10129	ERP
10130	MONTESQUIEU AVANTES
10131	SAURAT
10132	GENAT
10133	BENAC
10134	SERRES SUR ARGET
10135	SOULA
10136	PERLES ET CASTELET
10137	VERNAJOUL
10138	CESCAU
10139	LE BOSC
10140	ALZEN
10141	CASTERAS
10142	IGNAUX
10143	DURFORT
10144	NESCUS
10145	LEYCHERT
10146	ALOS
10147	FOIX
10148	BURRET
10149	ALLIERES
10150	FABAS
10151	LES ISSARDS
10152	ESCOSSE
10153	APPY
10154	LARBONT
10155	LORDAT
10156	SUZAN
10157	ASCOU
10158	CAZAVET
10159	USTOU
10160	LE VERNET
10161	LASSUR
10162	MONTSERON
10163	TARASCON SUR ARIEGE
10164	VICDESSOS
10165	UCHENTEIN
10166	VENTENAC
10167	FOUGAX ET BARRINEUF
10168	ARVIGNA
10169	ST MARTIN D OYDES
10170	MERCENAC
10171	BALAGUERES
10172	LAPEGE
10173	CASTELNAU DURBAN
10174	USTOU
10175	ESPLAS
10176	SUC ET SENTENAC
10177	ST BAUZEIL
10178	SOR
10179	LISSAC
10180	MAZERES
10181	VERNAUX
10182	ST FELIX DE TOURNEGAT
10183	FERRIERES SUR ARIEGE
10184	LE PORT
10185	AUDRESSEIN
10186	TARASCON SUR ARIEGE
10187	ASTON
10188	SEM
10189	ALLIAT
10190	COS
10191	SINSAT
10192	CAMON
10193	ST JEAN DU CASTILLONNAIS
10194	CERIZOLS
10195	MAUVEZIN DE STE CROIX
10196	MERIGON
10197	MONESPLE
10198	MONTBEL
10199	VALS
10200	MONTAILLOU
10201	SENTENAC DE SEROU
10202	ARRIEN EN BETHMALE
10203	TAURIGNAN CASTET
10204	GANAC
10205	CASTEX
10206	LERAN
10207	BONNAC
10208	LE CARLARET
10209	LESCOUSSE
10210	PRAYOLS
10211	FORNEX
10212	BONAC IRAZEIN
10213	BEDEILHAC ET AYNAT
10214	BALACET
10215	AULOS
10216	BETHMALE
10217	BEZAC
10218	REGAT
10219	SEGURA
10220	VAYCHIS
10221	ST VICTOR ROUZAUD
10222	MOULIS
10223	ST YBARS
10224	LORP SENTARAILLE
10225	SAVERDUN
10226	BAULOU
10227	L HERM
10228	ST PAUL DE JARRAT
10229	ERCE
10230	BIERT
10231	SAUTEL
10232	ST QUIRC
10233	LARNAT
10234	MERENS LES VALS
10235	VILLENEUVE D OLMES
10236	VILLENEUVE DU PAREAGE
10237	ST MICHEL
10238	NIAUX
10239	THOUARS SUR ARIZE
10240	SAURAT
10241	LES BORDES SUR LEZ
10242	CAZAUX
10243	COUFLENS
10244	FREYCHENET
10245	ENGOMER
10246	DURBAN SUR ARIZE
10247	SOULAN
10248	ST AMANS
10249	BELESTA
10250	MONTSEGUR
10251	VIRA
10252	CADARCET
10253	DUN
10254	TOURTOUSE
10255	ARTIGAT
10256	DUN
10257	GARANOU
10258	CASTILLON EN COUSERANS
10259	TEILHET
10260	VIVIES
10261	LAVELANET
10262	ILLIER ET LARAMADE
10263	VILLENEUVE DU LATOU
10264	MASSAT
10265	BOUSSENAC
10266	MADIERE
10267	CAZALS DES BAYLES
10268	ST MARTIN DE CARALP
10269	ARNAVE
10270	AX LES THERMES
10271	ROUMENGOUX
10272	ORLU
10273	SOUEIX ROGALLE
10274	MIREPOIX
10275	LAROQUE D OLMES
10276	PRADES
10277	PECH
10278	AUZAT
10279	LAGARDE
10280	PEREILLE
10281	MALLEON
10282	LASSERRE
10283	BESSET
10284	AUCAZEIN
10285	ARTIX
10286	MERAS
10287	ARIGNAC
10288	QUIE
10289	GESTIES
10290	EYCHEIL
10291	LOUBAUT
10292	MONTEGUT PLANTAUREL
10293	MERCUS GARRABET
10294	RIEUX DE PELLEPORT
10295	DREUILHE
10296	LE PEYRAT
10297	LOUBENS
10298	LACOURT
10299	CARLA BAYLE
10300	ST LARY
10301	AULUS LES BAINS
10302	BUZAN
10303	SENTEIN
10304	TREMOULET
10305	MONTELS
10306	SAVIGNAC LES ORMEAUX
10307	AIGUES VIVES
10308	LABATUT
10309	LUZENAC
10310	SENCONAC
10311	UNAC
10312	LEZAT SUR LEZE
10313	PRADIERES
10314	BENAGUES
10315	SORGEAT
10316	ST GIRONS
10317	BEDEILLE
10318	STE FOI
10319	GUDAS
10320	LAPENNE
10321	MANSES
10322	ST QUENTIN LA TOUR
10323	TIGNAC
10324	VARILHES
10325	ST FELIX DE RIEUTORD
10326	MONTFERRIER
10327	SURBA
10328	TAURIGNAN VIEUX
10329	STE SUZANNE
10330	MONTAUT
10331	CAYCHAX
10332	GOURBIT
10333	CALZAN
10334	LIEURAC
10335	STE CROIX VOLVESTRE
10336	ST LIZIER
10337	MONTFA
10338	AUGIREIN
10339	LE MAS D AZIL
10340	MONTGAILLARD
10341	CLERMONT
10342	GAUDIES
10343	MONTGAUCH
\.


--
-- TOC entry 2196 (class 0 OID 18499)
-- Dependencies: 188
-- Data for Name: contenu; Type: TABLE DATA; Schema: public; Owner: -
--

COPY public.contenu (con_qte, cven_id, cpro_id) FROM stdin;
4.20000000000000018	1	32
1.5	2	25
6	3	65
0.100000000000000006	4	78
1	5	88
5.59999999999999964	6	67
2	7	8
2.10000000000000009	8	29
7.40000000000000036	9	62
2.60000000000000009	10	24
5.59999999999999964	11	67
7.29999999999999982	12	63
7.79999999999999982	13	59
0.900000000000000022	14	64
6.90000000000000036	15	26
1.30000000000000004	16	76
8	17	32
4.59999999999999964	18	46
2.20000000000000018	19	14
3.39999999999999991	20	30
3.79999999999999982	21	64
7.40000000000000036	22	87
2.79999999999999982	23	38
7.40000000000000036	24	79
1.10000000000000009	25	85
3.20000000000000018	26	52
5.59999999999999964	27	8
3.60000000000000009	28	96
2	29	63
2.10000000000000009	30	76
4.09999999999999964	31	90
6.90000000000000036	32	5
4.70000000000000018	33	74
1.39999999999999991	34	70
2.70000000000000018	35	64
4.5	36	25
1.89999999999999991	37	96
2.79999999999999982	38	11
0.900000000000000022	39	94
3.20000000000000018	40	60
4.40000000000000036	41	5
0.5	42	96
5.40000000000000036	44	95
6.29999999999999982	45	79
7.90000000000000036	46	50
6.29999999999999982	47	17
0.100000000000000006	48	74
6.40000000000000036	49	70
6.40000000000000036	50	33
6.09999999999999964	51	6
3.20000000000000018	52	34
4.79999999999999982	53	73
7.79999999999999982	54	3
4.79999999999999982	55	36
2.60000000000000009	56	2
3.5	57	61
5.09999999999999964	58	80
7.09999999999999964	59	35
6.20000000000000018	60	41
6.79999999999999982	61	97
7.09999999999999964	62	73
6.40000000000000036	63	16
7.79999999999999982	64	27
0.100000000000000006	65	6
1	67	21
2.39999999999999991	68	18
0.599999999999999978	69	44
1.19999999999999996	70	94
0.800000000000000044	71	15
4.90000000000000036	72	94
4.09999999999999964	73	94
1.19999999999999996	74	59
3.79999999999999982	75	68
0.699999999999999956	76	67
1.30000000000000004	77	4
1	78	60
3.39999999999999991	79	62
2.60000000000000009	80	64
1.89999999999999991	81	31
7.40000000000000036	82	91
6.29999999999999982	83	32
6.29999999999999982	84	53
5.29999999999999982	85	22
2	86	20
2.29999999999999982	87	69
3.10000000000000009	88	34
1.80000000000000004	89	48
4.70000000000000018	90	3
4.29999999999999982	91	20
3.89999999999999991	92	29
5.20000000000000018	93	21
8	94	65
3	95	35
0.699999999999999956	96	77
2.89999999999999991	97	55
4.20000000000000018	98	58
4.70000000000000018	99	46
3	100	20
2.10000000000000009	102	57
0.299999999999999989	103	76
8	104	48
2.70000000000000018	105	32
3.60000000000000009	106	43
3.10000000000000009	107	45
0.800000000000000044	108	30
2.10000000000000009	109	6
1	110	42
0.299999999999999989	111	48
3.29999999999999982	112	81
0.800000000000000044	113	49
6.40000000000000036	114	35
0.100000000000000006	115	31
3.60000000000000009	116	73
1	117	9
6	118	58
0.5	119	79
5.09999999999999964	120	50
5.20000000000000018	121	2
0.800000000000000044	122	18
3.70000000000000018	123	2
3.10000000000000009	124	19
2	125	90
4.90000000000000036	126	19
2.29999999999999982	127	2
6.70000000000000018	128	38
6.59999999999999964	129	37
0.400000000000000022	130	20
5.90000000000000036	131	25
6.79999999999999982	132	24
0.100000000000000006	133	5
3.39999999999999991	134	55
2.29999999999999982	135	69
7.79999999999999982	136	44
1.69999999999999996	137	25
6.20000000000000018	138	31
1.39999999999999991	139	93
5.29999999999999982	140	44
0.900000000000000022	141	93
4.29999999999999982	142	29
8	143	48
5.90000000000000036	144	54
5	145	79
4.70000000000000018	146	3
0.5	147	46
7.79999999999999982	148	42
2.29999999999999982	149	60
8	150	3
2	151	94
6	152	8
0.900000000000000022	153	73
7.5	154	20
7.29999999999999982	155	90
5.09999999999999964	156	38
4.5	157	92
4.59999999999999964	158	25
3.29999999999999982	159	84
2	160	70
6.40000000000000036	161	14
4.70000000000000018	162	80
1	163	9
5.5	164	92
1.5	165	91
2	166	65
3.29999999999999982	167	12
1.5	168	31
3.79999999999999982	169	36
1.89999999999999991	170	63
0.599999999999999978	171	15
1.89999999999999991	172	84
6.59999999999999964	173	34
5.09999999999999964	174	46
1.60000000000000009	175	4
1.69999999999999996	176	10
1.39999999999999991	177	4
3.89999999999999991	178	12
4.29999999999999982	179	28
7.79999999999999982	180	17
6.09999999999999964	181	63
6.5	182	85
1.39999999999999991	183	33
3.10000000000000009	184	69
2	185	95
0.800000000000000044	186	55
3.89999999999999991	187	96
1.10000000000000009	188	96
5.40000000000000036	189	25
3.20000000000000018	190	36
1.60000000000000009	191	4
3	192	85
1.30000000000000004	193	71
0.299999999999999989	194	30
7.70000000000000018	195	17
2.5	196	63
5	197	36
3.60000000000000009	198	22
5.70000000000000018	199	84
3.70000000000000018	200	24
0.5	201	43
6.20000000000000018	202	48
1.10000000000000009	203	56
0.699999999999999956	204	42
7.70000000000000018	205	32
0.900000000000000022	206	28
6.59999999999999964	207	17
1.80000000000000004	208	86
4.29999999999999982	209	11
7	210	46
5.70000000000000018	211	67
3.5	212	81
2.89999999999999991	213	50
4.90000000000000036	214	37
2.20000000000000018	215	37
4.90000000000000036	216	50
3.39999999999999991	217	95
5.20000000000000018	218	76
0.699999999999999956	219	26
5.70000000000000018	220	83
1.60000000000000009	221	79
1.80000000000000004	222	62
2.89999999999999991	223	43
7.40000000000000036	224	82
6.20000000000000018	225	82
5.40000000000000036	227	86
5.59999999999999964	228	44
1.10000000000000009	229	83
5.70000000000000018	230	21
7.09999999999999964	231	87
5.70000000000000018	232	30
7.20000000000000018	233	94
2.39999999999999991	234	66
0.200000000000000011	235	25
0.400000000000000022	236	28
7.59999999999999964	237	56
1.30000000000000004	238	75
1.10000000000000009	239	68
2.20000000000000018	240	21
2.5	241	62
7.09999999999999964	242	59
5.20000000000000018	243	24
7.79999999999999982	244	63
7.70000000000000018	245	30
1.39999999999999991	246	90
8	248	29
2.60000000000000009	249	24
4.09999999999999964	250	94
4.70000000000000018	251	42
0.200000000000000011	252	9
6.90000000000000036	253	76
7.09999999999999964	254	16
1.60000000000000009	255	77
0.100000000000000006	256	33
7.70000000000000018	257	43
2.89999999999999991	258	52
7.29999999999999982	259	18
1.19999999999999996	260	8
4.70000000000000018	261	83
5.70000000000000018	262	25
6.40000000000000036	263	18
4.09999999999999964	264	45
2.60000000000000009	265	47
6.40000000000000036	266	42
7.40000000000000036	267	67
5.29999999999999982	268	60
3.89999999999999991	269	4
2.79999999999999982	270	52
4.79999999999999982	271	25
6.90000000000000036	272	72
5.20000000000000018	273	30
3	274	82
3.79999999999999982	275	30
5.20000000000000018	276	24
1	277	13
3.60000000000000009	278	8
3.10000000000000009	279	25
7.59999999999999964	280	89
7	281	75
2.5	282	59
6.29999999999999982	283	79
2.70000000000000018	284	85
2.60000000000000009	285	72
7.09999999999999964	286	97
2.60000000000000009	287	52
1.89999999999999991	288	96
3.89999999999999991	289	44
4.59999999999999964	290	5
1.10000000000000009	291	73
7.79999999999999982	292	17
7.70000000000000018	293	68
0.599999999999999978	294	88
2.89999999999999991	295	80
4.5	296	7
3.20000000000000018	297	26
3.29999999999999982	298	52
3.10000000000000009	299	39
5.29999999999999982	300	16
4.79999999999999982	301	21
0.5	302	90
0.400000000000000022	303	87
0.599999999999999978	304	42
2.10000000000000009	305	69
0.800000000000000044	306	6
1	307	22
4.70000000000000018	308	36
7.40000000000000036	309	69
1.69999999999999996	310	85
4.20000000000000018	311	52
4.79999999999999982	312	62
5.90000000000000036	313	5
0.400000000000000022	314	55
3.70000000000000018	315	57
2.20000000000000018	316	50
3.5	317	36
2.10000000000000009	318	72
0.699999999999999956	319	34
6.40000000000000036	320	8
7.70000000000000018	321	81
0.599999999999999978	322	46
2.20000000000000018	323	96
5	324	6
1.10000000000000009	325	86
6.90000000000000036	326	12
5.20000000000000018	327	28
0.299999999999999989	328	11
3.5	329	20
0.5	331	88
6.40000000000000036	332	7
2.5	333	64
0.5	334	63
2.29999999999999982	335	6
5.5	336	21
2.20000000000000018	337	97
3	338	51
6.79999999999999982	339	27
1.60000000000000009	340	96
7.59999999999999964	341	60
1.89999999999999991	342	16
7.70000000000000018	343	31
4.5	344	84
1.19999999999999996	345	8
1.19999999999999996	346	16
0.800000000000000044	347	82
2.89999999999999991	348	73
7.20000000000000018	349	94
1	350	47
0.800000000000000044	351	8
0.699999999999999956	352	34
1.39999999999999991	353	70
1.69999999999999996	354	32
4.20000000000000018	355	47
7.40000000000000036	356	74
5.29999999999999982	357	68
2.70000000000000018	358	21
5.59999999999999964	359	97
1.89999999999999991	360	56
1.89999999999999991	361	17
6.20000000000000018	362	73
7.59999999999999964	363	34
2.20000000000000018	364	58
1.80000000000000004	365	29
3.60000000000000009	366	94
4.70000000000000018	367	55
1	368	26
6.5	369	2
1	370	4
3.5	371	86
8	372	74
2.39999999999999991	373	94
1.30000000000000004	374	11
0.800000000000000044	375	49
0.599999999999999978	376	28
3.29999999999999982	377	71
2.79999999999999982	378	46
3.10000000000000009	379	77
4.79999999999999982	381	48
1.39999999999999991	382	41
7.29999999999999982	383	20
5.09999999999999964	384	63
6.40000000000000036	385	96
6	386	21
6.5	387	27
5.70000000000000018	388	47
2.70000000000000018	389	64
7.90000000000000036	390	80
2.60000000000000009	391	44
3.60000000000000009	392	49
7.29999999999999982	393	92
5.40000000000000036	394	73
4.29999999999999982	395	19
2.20000000000000018	396	26
3.20000000000000018	397	26
5	398	74
7.20000000000000018	399	63
2.79999999999999982	400	29
5	401	36
0.299999999999999989	402	59
0.900000000000000022	403	94
4.5	404	20
2.39999999999999991	405	74
2.89999999999999991	406	39
2.60000000000000009	407	31
1.10000000000000009	408	14
4.09999999999999964	409	77
0.400000000000000022	410	76
2.39999999999999991	411	28
1	412	70
0.800000000000000044	413	80
7.40000000000000036	414	60
6.59999999999999964	415	31
2.5	416	44
6.5	417	54
0.699999999999999956	418	66
3.20000000000000018	419	79
2.39999999999999991	420	12
5.79999999999999982	421	70
2.10000000000000009	422	2
6.20000000000000018	423	48
1.89999999999999991	424	27
1.30000000000000004	425	6
3.20000000000000018	426	10
0.299999999999999989	427	30
6.90000000000000036	428	97
7.59999999999999964	429	82
0.400000000000000022	430	36
0.900000000000000022	431	9
2.60000000000000009	432	49
0.100000000000000006	435	14
7.40000000000000036	436	29
6.20000000000000018	437	25
6.79999999999999982	438	41
0.699999999999999956	439	63
3.5	440	13
7.90000000000000036	441	76
1.5	442	66
7.90000000000000036	443	23
5.59999999999999964	444	45
1.10000000000000009	445	45
2.10000000000000009	446	41
3.20000000000000018	447	38
7.40000000000000036	448	26
1.69999999999999996	449	39
7.90000000000000036	450	57
6.90000000000000036	451	87
7.5	452	75
6.79999999999999982	453	33
1.89999999999999991	454	3
1.39999999999999991	455	55
4.29999999999999982	456	19
4.20000000000000018	457	23
2.39999999999999991	458	38
5	459	94
0.900000000000000022	461	41
3.5	462	8
4.5	463	30
2.29999999999999982	464	12
5.90000000000000036	465	95
2.10000000000000009	466	8
0.299999999999999989	467	72
7.59999999999999964	468	86
1	469	20
6.90000000000000036	470	60
4.5	471	74
3.29999999999999982	472	18
6.40000000000000036	473	21
4.5	474	81
6.29999999999999982	475	77
1.19999999999999996	476	81
5.20000000000000018	477	2
2.5	478	19
0.599999999999999978	479	20
4.70000000000000018	480	78
5.40000000000000036	481	27
3.79999999999999982	482	50
0.599999999999999978	483	88
3.89999999999999991	484	73
1	485	85
6.29999999999999982	486	23
7.40000000000000036	487	89
6.09999999999999964	488	46
0.900000000000000022	489	96
6.59999999999999964	490	91
7	491	81
6.29999999999999982	492	20
2.70000000000000018	493	34
6.90000000000000036	494	5
4	495	53
1.60000000000000009	496	26
6	497	94
2.10000000000000009	498	96
5.29999999999999982	499	9
3.39999999999999991	500	39
5.90000000000000036	501	56
5.29999999999999982	502	91
1.89999999999999991	156	42
2.70000000000000018	433	46
3.89999999999999991	433	12
2.89999999999999991	203	36
5.29999999999999982	336	2
5.59999999999999964	480	87
1.19999999999999996	445	11
1.39999999999999991	144	88
5.70000000000000018	105	28
6.5	28	24
3	311	79
7.29999999999999982	189	37
1.69999999999999996	469	50
7.09999999999999964	296	60
3.39999999999999991	364	18
7.20000000000000018	454	94
4.5	333	66
2.70000000000000018	279	19
5.70000000000000018	63	71
6.5	122	6
0.5	264	69
3.89999999999999991	288	91
7.29999999999999982	228	36
7.59999999999999964	216	38
6.09999999999999964	276	51
5.40000000000000036	66	50
7.09999999999999964	51	61
0.100000000000000006	171	22
5.59999999999999964	293	11
3.60000000000000009	254	3
6.90000000000000036	324	16
0.599999999999999978	340	79
5.5	225	93
3.39999999999999991	40	71
4.70000000000000018	174	66
1.89999999999999991	326	32
6.5	196	38
2.39999999999999991	320	96
4.29999999999999982	382	91
0.100000000000000006	70	85
5	450	88
1	437	2
0.299999999999999989	235	94
5	343	87
2.79999999999999982	300	28
7.40000000000000036	73	20
8	348	32
4.29999999999999982	343	32
2.5	104	84
0.900000000000000022	37	73
5.09999999999999964	260	88
6.59999999999999964	196	44
4.40000000000000036	264	66
4	422	70
7.5	426	67
0.599999999999999978	170	46
1	409	55
4.79999999999999982	120	69
3.10000000000000009	34	11
1.69999999999999996	88	63
1.89999999999999991	87	56
5.90000000000000036	154	3
4.79999999999999982	164	63
2.89999999999999991	436	96
7.20000000000000018	19	70
6.79999999999999982	129	89
2.89999999999999991	324	89
0.5	18	26
2.70000000000000018	146	83
3.20000000000000018	103	94
1.19999999999999996	88	69
5	259	83
1.5	425	97
2.60000000000000009	174	61
7.70000000000000018	91	26
6.90000000000000036	251	25
5.70000000000000018	175	28
3.39999999999999991	249	17
3.39999999999999991	44	49
6.5	383	38
5.29999999999999982	144	77
5.29999999999999982	216	97
1	359	26
4.29999999999999982	176	35
0.599999999999999978	295	87
1.69999999999999996	403	85
5	436	32
6.59999999999999964	450	83
1.19999999999999996	153	4
1.5	478	83
6.79999999999999982	289	89
3.39999999999999991	71	9
7.09999999999999964	345	51
7	48	3
7.09999999999999964	180	26
1.89999999999999991	494	75
1.89999999999999991	162	90
4.5	400	85
4.29999999999999982	131	36
4.79999999999999982	367	84
7.79999999999999982	132	72
7.79999999999999982	44	87
7.90000000000000036	141	32
1.30000000000000004	321	39
7	223	65
1.5	254	72
7.90000000000000036	108	62
0.200000000000000011	94	22
3.5	142	42
4.79999999999999982	137	33
5.79999999999999982	61	29
5.70000000000000018	462	90
4.29999999999999982	474	80
7.09999999999999964	464	54
3.70000000000000018	473	94
7.70000000000000018	498	67
7.5	148	52
4.70000000000000018	197	91
6.40000000000000036	169	84
3.70000000000000018	307	83
1.19999999999999996	180	74
2.20000000000000018	219	29
6.5	174	95
0.100000000000000006	187	77
0.900000000000000022	57	91
2.89999999999999991	306	83
5.29999999999999982	119	35
3.39999999999999991	350	66
4.5	393	4
4.20000000000000018	112	95
5.79999999999999982	170	12
0.599999999999999978	145	62
2.89999999999999991	219	7
2.20000000000000018	186	8
5.09999999999999964	428	51
0.599999999999999978	351	10
7.90000000000000036	178	46
4.90000000000000036	30	79
7.29999999999999982	462	60
2.39999999999999991	155	60
4.09999999999999964	394	13
2.29999999999999982	306	18
6.09999999999999964	276	22
1.19999999999999996	106	25
3.60000000000000009	482	74
2.5	412	52
1.80000000000000004	455	10
7.5	11	91
0.400000000000000022	278	21
2	195	20
4.09999999999999964	40	73
4.90000000000000036	171	94
1.5	160	23
4.09999999999999964	266	58
6.90000000000000036	85	8
0.400000000000000022	409	17
5.40000000000000036	71	87
3.60000000000000009	301	47
6.79999999999999982	449	11
4.29999999999999982	432	63
0.100000000000000006	312	49
7.20000000000000018	116	14
7	407	16
7.20000000000000018	396	73
3.10000000000000009	196	59
0.200000000000000011	296	79
7.90000000000000036	469	96
0.900000000000000022	222	29
3.29999999999999982	107	35
0.100000000000000006	20	55
6.79999999999999982	453	34
4.29999999999999982	116	43
0.599999999999999978	141	88
3.79999999999999982	91	22
7.40000000000000036	333	47
7.90000000000000036	245	68
2.89999999999999991	259	92
4.09999999999999964	480	22
1.60000000000000009	278	14
7.79999999999999982	391	75
3.10000000000000009	246	94
5.59999999999999964	340	58
3	109	29
1.39999999999999991	292	90
2.60000000000000009	218	61
2.29999999999999982	282	20
5.20000000000000018	241	20
4.90000000000000036	13	33
3.5	3	86
6.20000000000000018	168	41
3.29999999999999982	177	30
7.40000000000000036	449	61
6.59999999999999964	489	72
0.5	190	94
1.10000000000000009	173	68
1.39999999999999991	53	3
2.29999999999999982	77	22
1.30000000000000004	119	38
2.60000000000000009	133	65
7.90000000000000036	225	83
4.79999999999999982	162	62
5.90000000000000036	217	59
7.59999999999999964	46	16
3.29999999999999982	145	58
3.20000000000000018	473	4
5.09999999999999964	221	19
4.29999999999999982	293	24
0.400000000000000022	463	84
0.800000000000000044	402	48
2.60000000000000009	266	45
2.39999999999999991	222	47
0.5	200	54
5.40000000000000036	495	91
3.10000000000000009	78	27
0.100000000000000006	349	32
0.200000000000000011	204	93
3.39999999999999991	499	86
5	35	54
6.20000000000000018	80	49
6.59999999999999964	170	89
5.5	477	60
0.400000000000000022	286	4
6.59999999999999964	468	21
6.5	356	73
2	101	15
5.79999999999999982	98	96
6.70000000000000018	375	16
2.29999999999999982	20	7
0.200000000000000011	383	53
7.29999999999999982	190	53
5	289	76
7.90000000000000036	11	69
3.29999999999999982	27	89
6.70000000000000018	389	34
7.40000000000000036	23	6
1.30000000000000004	330	81
7.20000000000000018	154	91
1.60000000000000009	460	43
2.29999999999999982	10	62
2.79999999999999982	204	84
6.70000000000000018	475	8
1.80000000000000004	278	90
6.29999999999999982	242	31
1.39999999999999991	410	14
5.40000000000000036	230	18
4.59999999999999964	405	67
0.299999999999999989	292	64
1.69999999999999996	62	48
6.79999999999999982	103	31
4.59999999999999964	429	20
4.09999999999999964	154	71
0.699999999999999956	499	73
4.40000000000000036	365	2
6.70000000000000018	58	50
7.09999999999999964	331	81
0.299999999999999989	276	49
7.20000000000000018	10	56
2.20000000000000018	83	11
4.40000000000000036	197	39
5.20000000000000018	219	65
3.10000000000000009	39	48
3.70000000000000018	98	11
0.200000000000000011	122	38
6.40000000000000036	195	92
7.79999999999999982	201	14
4.79999999999999982	61	81
5	127	31
7.90000000000000036	376	22
5	6	26
4.59999999999999964	70	35
6.29999999999999982	285	64
0.900000000000000022	313	84
2.5	384	90
0.100000000000000006	402	14
3.10000000000000009	401	78
6.90000000000000036	117	17
4.90000000000000036	117	81
2.70000000000000018	333	65
2.89999999999999991	120	44
3.39999999999999991	369	20
3.10000000000000009	496	36
2.70000000000000018	427	74
3.10000000000000009	317	38
0.200000000000000011	356	79
3	98	4
0.200000000000000011	405	82
3.29999999999999982	496	76
4.40000000000000036	287	71
0.699999999999999956	267	84
3.29999999999999982	387	90
0.400000000000000022	242	83
4.90000000000000036	274	93
4.29999999999999982	331	50
2.89999999999999991	348	55
2.60000000000000009	435	28
3	299	43
3	267	94
5.70000000000000018	47	7
1.80000000000000004	419	23
6.5	5	70
1.19999999999999996	55	7
2	310	24
5.40000000000000036	42	12
0.699999999999999956	182	4
2.89999999999999991	98	2
4.59999999999999964	426	31
3.5	109	63
5.20000000000000018	475	96
6.59999999999999964	382	16
3.60000000000000009	197	61
6.20000000000000018	276	88
4.90000000000000036	206	12
6.5	115	66
1.5	24	78
4.20000000000000018	211	5
4.70000000000000018	199	22
5.79999999999999982	426	61
3.10000000000000009	300	43
2.29999999999999982	273	48
2.79999999999999982	4	63
7.70000000000000018	297	56
5.5	464	35
7.59999999999999964	494	10
5.79999999999999982	282	54
1.89999999999999991	246	2
0.599999999999999978	481	55
2.29999999999999982	331	8
3.29999999999999982	216	39
4.40000000000000036	180	59
4.40000000000000036	445	92
0.800000000000000044	158	39
1.60000000000000009	353	87
5.90000000000000036	341	81
0.5	314	7
6.29999999999999982	143	63
7.40000000000000036	40	81
1.89999999999999991	428	73
5.59999999999999964	371	8
5.20000000000000018	36	20
3.20000000000000018	80	16
1.60000000000000009	298	89
1.19999999999999996	400	42
0.100000000000000006	7	95
7.09999999999999964	56	70
4.20000000000000018	319	65
5	139	11
6.20000000000000018	353	67
6.29999999999999982	453	84
3.79999999999999982	432	17
2.20000000000000018	191	76
6.70000000000000018	143	67
0.599999999999999978	276	73
2	409	36
4	363	72
7	3	77
7.29999999999999982	76	11
1	237	94
2.79999999999999982	493	17
5.29999999999999982	481	35
7.5	239	17
0.900000000000000022	28	52
6.20000000000000018	71	3
0.5	266	44
2.79999999999999982	376	62
3.39999999999999991	78	12
1.19999999999999996	222	14
6.90000000000000036	210	65
2.5	478	96
3	213	24
4.09999999999999964	489	57
0.5	392	24
2.5	363	11
2.89999999999999991	438	44
8	32	49
1.89999999999999991	127	38
1.10000000000000009	427	27
3.20000000000000018	287	87
6.29999999999999982	241	88
6.20000000000000018	462	5
6.29999999999999982	415	33
5.79999999999999982	470	89
6.79999999999999982	99	18
5.40000000000000036	22	12
5.90000000000000036	453	14
5.29999999999999982	48	90
3.70000000000000018	411	94
2.79999999999999982	264	68
5.70000000000000018	176	81
6.90000000000000036	281	62
1.80000000000000004	272	24
2.5	312	80
3.70000000000000018	90	31
3.79999999999999982	106	91
2.10000000000000009	15	77
3.60000000000000009	436	24
5.59999999999999964	65	22
0.900000000000000022	264	53
0.900000000000000022	475	38
2.79999999999999982	90	6
0.800000000000000044	161	8
2.39999999999999991	58	75
3.10000000000000009	24	46
7.79999999999999982	295	17
5.70000000000000018	63	69
0.800000000000000044	55	43
4.79999999999999982	479	76
6.79999999999999982	22	60
5.79999999999999982	447	16
5.79999999999999982	149	83
8	39	5
3.79999999999999982	294	17
3.39999999999999991	217	97
4.09999999999999964	454	21
7.40000000000000036	446	83
3.79999999999999982	430	38
4.70000000000000018	15	47
3.60000000000000009	28	7
0.100000000000000006	473	96
1.39999999999999991	322	95
5.59999999999999964	68	88
1.5	44	10
0.800000000000000044	460	90
6.29999999999999982	24	19
0.900000000000000022	171	34
3.29999999999999982	39	13
7.79999999999999982	292	16
2.70000000000000018	309	4
4.59999999999999964	36	97
1.80000000000000004	245	82
4.5	93	65
2.60000000000000009	76	84
0.299999999999999989	272	95
6.90000000000000036	80	29
4.59999999999999964	432	35
0.599999999999999978	43	2
4	9	76
7.29999999999999982	75	44
3.5	92	92
6.59999999999999964	457	77
1	500	92
2	64	25
2.29999999999999982	26	37
7.59999999999999964	230	79
2.5	73	50
8	122	20
4.70000000000000018	40	54
2.5	121	91
3.89999999999999991	40	43
1.10000000000000009	73	85
2	109	47
1.5	114	16
0.299999999999999989	451	13
6	485	24
6	230	77
6.5	44	82
6.09999999999999964	30	50
4.79999999999999982	52	61
4.09999999999999964	134	85
5	60	58
5.40000000000000036	172	5
4.5	88	11
2.10000000000000009	141	45
2.29999999999999982	138	33
0.699999999999999956	116	13
2.10000000000000009	161	51
2.10000000000000009	256	48
6.79999999999999982	97	41
1.19999999999999996	242	71
5	482	7
5.29999999999999982	11	44
4.40000000000000036	104	81
4.70000000000000018	136	2
1.80000000000000004	113	39
7.70000000000000018	496	74
1.80000000000000004	187	53
3.10000000000000009	194	69
7.20000000000000018	318	30
4.5	203	67
7.70000000000000018	105	19
7.79999999999999982	129	82
4.90000000000000036	292	3
4.79999999999999982	265	22
7.20000000000000018	18	80
5.40000000000000036	285	52
2.79999999999999982	122	64
2.20000000000000018	13	48
5.5	13	69
3	299	84
4.09999999999999964	38	32
0.299999999999999989	3	2
3.5	47	71
1.60000000000000009	302	63
2.89999999999999991	250	75
1	69	5
1.80000000000000004	39	54
6.79999999999999982	227	5
3.39999999999999991	309	16
1.89999999999999991	168	27
0.100000000000000006	199	42
3	51	88
4.59999999999999964	305	71
1.5	83	31
3.20000000000000018	40	87
6.5	24	80
6.79999999999999982	43	95
0.400000000000000022	266	24
7.90000000000000036	47	95
6.5	253	55
7.29999999999999982	220	61
1.5	58	20
3	152	23
1.30000000000000004	113	71
6	252	36
4.40000000000000036	171	32
7.70000000000000018	204	68
5.29999999999999982	126	15
5.5	67	65
7.90000000000000036	248	6
5.20000000000000018	120	97
7.59999999999999964	164	70
7.40000000000000036	92	79
1.69999999999999996	175	88
5.59999999999999964	157	45
1	232	24
4.20000000000000018	33	56
7.59999999999999964	133	55
2.5	243	47
1	82	53
3.89999999999999991	93	33
3.5	234	19
4.20000000000000018	307	6
2.60000000000000009	163	81
7.59999999999999964	39	25
2.29999999999999982	75	7
4.09999999999999964	272	80
0.299999999999999989	26	59
7.59999999999999964	213	36
3.5	195	64
3.29999999999999982	262	23
1	237	8
5.40000000000000036	84	44
3.10000000000000009	153	54
0.200000000000000011	300	50
2.89999999999999991	121	8
4.90000000000000036	253	35
7.90000000000000036	133	87
3.89999999999999991	271	90
5.59999999999999964	140	52
3.10000000000000009	67	2
7.5	309	74
5.29999999999999982	200	96
2.10000000000000009	136	29
2.79999999999999982	65	49
3.10000000000000009	98	52
5.59999999999999964	218	79
0.900000000000000022	238	70
6.59999999999999964	116	77
3.79999999999999982	145	95
7	134	73
6.70000000000000018	123	87
1.10000000000000009	67	56
2.79999999999999982	191	74
2.10000000000000009	232	32
5	6	77
4.70000000000000018	96	33
2.20000000000000018	22	7
7	84	8
4.29999999999999982	20	33
7.70000000000000018	108	46
3.79999999999999982	145	11
8	162	84
5.70000000000000018	187	20
6.90000000000000036	241	87
7.79999999999999982	280	69
5.90000000000000036	234	39
1.60000000000000009	185	9
6.29999999999999982	255	63
1	295	18
4.5	156	59
3.39999999999999991	60	13
3.89999999999999991	14	78
0.900000000000000022	235	13
0.800000000000000044	116	91
0.5	95	50
4.29999999999999982	235	79
4.90000000000000036	312	35
3.60000000000000009	90	32
7.29999999999999982	195	16
2.20000000000000018	156	56
2.89999999999999991	263	10
4.59999999999999964	216	36
2	265	73
7.90000000000000036	241	60
0.299999999999999989	127	50
6.79999999999999982	256	74
6.59999999999999964	147	71
1.5	73	89
4.40000000000000036	202	42
4.5	104	22
1.89999999999999991	224	30
2.29999999999999982	199	81
3.10000000000000009	193	52
5.29999999999999982	162	73
5.5	238	23
3.79999999999999982	84	13
2.5	214	64
6.79999999999999982	42	48
1.80000000000000004	261	74
3.89999999999999991	325	59
4.5	252	50
1.80000000000000004	262	45
3.5	126	88
6.90000000000000036	40	86
7.59999999999999964	203	2
2.29999999999999982	243	55
5.5	78	95
5.5	234	54
1.39999999999999991	211	86
1.5	38	64
7.90000000000000036	182	7
3.20000000000000018	313	86
3.20000000000000018	205	63
0.299999999999999989	268	44
5.09999999999999964	157	10
5.40000000000000036	211	92
4.20000000000000018	152	43
4.79999999999999982	53	67
5.40000000000000036	240	81
7	234	97
0.299999999999999989	71	72
5.59999999999999964	131	55
7.29999999999999982	162	41
0.400000000000000022	297	8
1.89999999999999991	49	66
6.20000000000000018	227	51
3.10000000000000009	75	85
3	200	47
8	288	13
2.29999999999999982	302	80
6.20000000000000018	98	62
2	324	77
0.299999999999999989	19	21
6.70000000000000018	13	78
7.09999999999999964	277	87
1.10000000000000009	218	20
1	203	31
5.29999999999999982	19	2
2.60000000000000009	241	10
6.59999999999999964	51	23
2.60000000000000009	107	85
7.40000000000000036	217	91
2.39999999999999991	283	73
1.5	8	56
3.5	157	81
1.10000000000000009	298	26
6.59999999999999964	30	83
6.90000000000000036	284	32
3.29999999999999982	181	28
3.79999999999999982	302	82
6.70000000000000018	144	89
4.79999999999999982	1	30
0.800000000000000044	167	46
1.80000000000000004	245	54
2	202	80
3.89999999999999991	280	25
4.40000000000000036	216	2
4.90000000000000036	47	81
5.70000000000000018	41	89
3.29999999999999982	161	39
3.5	232	64
6.79999999999999982	180	72
4.20000000000000018	106	21
3.79999999999999982	276	91
2.89999999999999991	283	88
2.10000000000000009	197	79
2.20000000000000018	226	13
7.79999999999999982	187	69
7.5	127	34
1.30000000000000004	244	22
7.5	256	34
2.70000000000000018	102	3
1.30000000000000004	41	73
7.70000000000000018	250	62
6.5	183	18
7.20000000000000018	224	35
5.79999999999999982	270	34
4.09999999999999964	203	34
4.5	201	22
3.70000000000000018	264	31
4	353	45
2.79999999999999982	293	73
1.89999999999999991	336	35
5	48	25
4.59999999999999964	302	31
2.39999999999999991	267	14
2.29999999999999982	274	69
4.40000000000000036	347	71
6.09999999999999964	325	8
4.20000000000000018	30	6
1.89999999999999991	239	11
6.70000000000000018	33	80
8	316	17
6.09999999999999964	206	90
3.79999999999999982	41	96
1.30000000000000004	13	57
6	369	90
4.59999999999999964	237	95
2.29999999999999982	191	2
1.89999999999999991	53	15
0.100000000000000006	134	65
8	243	33
2.79999999999999982	56	22
4.40000000000000036	272	85
7.40000000000000036	163	56
2.10000000000000009	5	74
4.79999999999999982	20	17
0.800000000000000044	390	38
1.80000000000000004	210	38
0.299999999999999989	92	65
6.20000000000000018	286	30
3.70000000000000018	239	47
2.60000000000000009	130	26
3.5	376	49
1.80000000000000004	234	35
1.89999999999999991	253	32
4.79999999999999982	232	53
1.10000000000000009	224	80
5.79999999999999982	186	12
0.900000000000000022	323	73
7.09999999999999964	170	56
4.79999999999999982	197	65
6.5	44	4
4.79999999999999982	397	87
5.90000000000000036	397	23
2.60000000000000009	236	34
2.89999999999999991	39	32
3.79999999999999982	383	11
3.29999999999999982	279	91
0.200000000000000011	276	61
4.79999999999999982	240	34
0.599999999999999978	92	86
7.40000000000000036	55	74
3.60000000000000009	324	73
4.20000000000000018	362	65
6.40000000000000036	312	81
6.90000000000000036	282	47
0.5	330	92
0.699999999999999956	305	57
0.800000000000000044	382	92
2.20000000000000018	67	96
0.699999999999999956	273	96
1.19999999999999996	160	41
1.60000000000000009	239	5
1.5	373	85
7.5	330	47
6.29999999999999982	91	4
1.19999999999999996	237	37
3.70000000000000018	396	95
0.599999999999999978	401	43
1.80000000000000004	110	41
4.59999999999999964	425	90
4.40000000000000036	190	18
8	13	44
4.09999999999999964	53	71
0.5	202	91
0.900000000000000022	91	62
0.200000000000000011	197	49
3.60000000000000009	11	5
5.90000000000000036	276	33
5.79999999999999982	51	44
8	187	21
1.39999999999999991	25	48
6.20000000000000018	315	75
7.40000000000000036	415	77
0.100000000000000006	391	55
3.29999999999999982	102	39
4.70000000000000018	371	68
2	219	96
7.79999999999999982	359	17
7.70000000000000018	286	39
0.900000000000000022	344	86
3.79999999999999982	398	68
7.40000000000000036	321	70
6	315	71
6.20000000000000018	387	31
3.79999999999999982	111	46
6.79999999999999982	208	12
3.60000000000000009	134	6
5.5	183	42
2.79999999999999982	173	83
3.79999999999999982	261	80
6	321	92
1.60000000000000009	323	77
4.90000000000000036	267	93
1.19999999999999996	226	18
3.5	440	58
7.20000000000000018	115	62
4.79999999999999982	376	29
\.


--
-- TOC entry 2192 (class 0 OID 18475)
-- Dependencies: 184
-- Data for Name: jour; Type: TABLE DATA; Schema: public; Owner: -
--

COPY public.jour (jour_id, jou_date) FROM stdin;
1	2018-01-01
2	2018-01-02
3	2018-01-03
4	2018-01-04
5	2018-01-05
6	2018-01-06
7	2018-01-07
8	2018-01-08
9	2018-01-09
10	2018-01-10
11	2018-01-11
12	2018-01-12
13	2018-01-13
14	2018-01-14
15	2018-01-15
16	2018-01-16
17	2018-01-17
18	2018-01-18
19	2018-01-19
20	2018-01-20
21	2018-01-21
22	2018-01-22
23	2018-01-23
24	2018-01-24
25	2018-01-25
26	2018-01-26
27	2018-01-27
28	2018-01-28
29	2018-01-29
30	2018-01-30
31	2018-01-31
32	2018-02-01
33	2018-02-02
34	2018-02-03
35	2018-02-04
36	2018-02-05
37	2018-02-06
38	2018-02-07
39	2018-02-08
40	2018-02-09
41	2018-02-10
42	2018-02-11
43	2018-02-12
44	2018-02-13
45	2018-02-14
46	2018-02-15
47	2018-02-16
48	2018-02-17
49	2018-02-18
50	2018-02-19
51	2018-02-20
52	2018-02-21
53	2018-02-22
54	2018-02-23
55	2018-02-24
56	2018-02-25
57	2018-02-26
58	2018-02-27
59	2018-02-28
60	2018-03-01
61	2018-03-02
62	2018-03-03
63	2018-03-04
\.


--
-- TOC entry 2211 (class 0 OID 0)
-- Dependencies: 183
-- Name: jour_jour_id_seq; Type: SEQUENCE SET; Schema: public; Owner: -
--

SELECT pg_catalog.setval('public.jour_jour_id_seq', 63, true);


--
-- TOC entry 2190 (class 0 OID 18467)
-- Dependencies: 182
-- Data for Name: produit; Type: TABLE DATA; Schema: public; Owner: -
--

COPY public.produit (pro_id, pro_nom, pro_leg) FROM stdin;
2	Ail	t
3	Artichaut	t
4	Asperge blanche	t
5	Asperge verte	t
6	Aubergine	t
7	Bette	t
8	Betterave rouge	t
9	Brocoli	t
10	Carotte	t
11	Catalonia	t
12	Céleri	t
13	Céleri branche	t
14	Céleri rave	t
15	Chou blanc	t
16	Chou de Bruxelles	t
17	Chou frisé	t
18	Chou Romanesco	t
19	Chou rouge	t
20	Chou-chinois	t
21	Chou-fleur	t
22	Chou-rave	t
23	Cima di Rapa	t
24	Citrouille	t
25	Concombre	t
26	Courge	t
27	Courgette	t
28	Cresson	t
29	Endive	t
30	Epinard	t
31	Fenouil	t
32	Haricot	t
33	Laitue romaine	t
34	Mâche	t
35	Maïs	t
36	Navet	t
37	Oignon	t
38	Panais	t
39	Pâtisson	t
40	Petit oigFALSE blanc	t
41	Petit pois	t
42	Poireau	t
43	Pois mange-tout	t
44	Poivron	t
45	Pomme de terre	t
46	Potimarron	t
47	Potiron	t
48	Radis	t
49	Rhubarbe	f
50	Salsifis	t
51	Topinambour	t
52	Abricot	f
53	Airelle	f
54	Amande	f
55	Ananas	f
56	Avocat	t
57	Banane	f
58	Cassis	f
59	Cerise	f
60	Châtaigne	t
61	Citron	f
62	Clémentine	f
63	Coing	f
64	Datte	f
65	Figue fraîche	f
66	Fraise	f
67	Framboise	f
68	Fruit de la passion	f
69	Grenade	f
70	Groseille	f
71	Kaki	f
72	Kiwi	f
73	Kumquat	f
74	Litchi	f
75	Mandarine	f
76	Mangue	f
77	Marron	f
78	Melon	f
79	Mirabelle	f
80	Mûre	f
81	Myrtille	f
82	Nectarine	f
83	Noisette	f
84	Noix	f
85	Orange	f
86	Orange sanguine	f
87	Pamplemousse	f
88	Papaye	f
89	Pastèque	f
90	Pêche	f
91	Poire	f
92	Pomme	f
93	Prune	f
94	Quetsche	f
95	Raisin	f
96	Reine-claude	f
97	Tomate	t
\.


--
-- TOC entry 2212 (class 0 OID 0)
-- Dependencies: 181
-- Name: produit_pro_id_seq; Type: SEQUENCE SET; Schema: public; Owner: -
--

SELECT pg_catalog.setval('public.produit_pro_id_seq', 97, true);


--
-- TOC entry 2195 (class 0 OID 18494)
-- Dependencies: 187
-- Data for Name: stock; Type: TABLE DATA; Schema: public; Owner: -
--

COPY public.stock (sto_qte, sto_pert, spro_id, sjour_id, sto_id) FROM stdin;
2.5	t	80	14	2
17	t	5	46	3
10	t	2	20	4
1	t	3	49	5
5.5	t	96	28	6
47	f	63	13	305
3	t	97	1	11
45.5	f	91	1	35
5	t	81	3	14
32.5	f	75	63	8
14	t	84	60	18
20.5	t	6	19	19
17.5	t	46	57	21
4	t	41	15	24
139.5	f	5	1	382
20	t	19	11	26
77	f	11	1	388
52	f	10	1	387
3	t	54	52	36
4.5	t	18	28	37
27.5	t	43	36	38
29.5	t	39	55	39
6.5	t	83	25	40
2	t	85	41	41
39.5	f	62	29	22
23.5	t	90	10	45
27	t	21	57	47
5	t	19	5	49
6.5	t	70	54	50
6.5	t	65	39	51
4.5	t	27	51	52
20.5	t	36	12	54
30	t	53	61	55
56	f	16	44	102
52	f	16	1	393
8	t	17	3	58
4.5	t	93	62	59
12.5	t	24	3	60
10	t	73	24	61
38.5	f	13	39	30
4.5	t	23	58	63
16.5	t	41	54	64
43	f	73	51	7
8	t	57	50	66
37.5	f	54	15	17
42	f	7	14	10
37	f	71	19	13
37	f	7	17	16
8	t	42	23	71
39	f	89	1	20
12.5	t	44	35	73
10	t	47	16	74
31.5	t	84	27	75
33.5	f	71	21	28
16.5	t	36	35	77
44	f	48	4	1
44	f	81	18	31
3.5	t	52	4	80
64.5	f	3	1	380
18	t	71	52	82
17	t	47	37	83
23.5	t	31	51	84
33	f	23	25	42
34	f	29	38	48
17	t	57	7	87
114.5	f	6	1	383
20.5	t	11	10	89
22.5	t	63	56	90
29.5	f	42	44	152
30	f	7	7	170
28.5	t	82	6	93
30.5	f	86	51	174
34	f	73	54	178
33.5	f	52	58	186
19	t	62	34	97
29	t	22	43	98
32	f	28	1	204
9	t	22	31	100
46	f	16	30	34
37	f	23	17	32
31	f	67	11	220
34	f	85	10	223
35.5	f	42	24	33
24.5	t	15	39	107
4.5	t	51	13	108
32	t	5	47	109
17.5	t	36	40	110
33.5	f	73	38	245
26.5	t	50	7	113
33.5	f	97	39	266
19	t	60	50	115
39.5	f	2	1	379
8.5	t	48	44	120
52	f	18	1	395
14.5	t	77	4	122
19	t	97	41	123
14	t	22	55	124
52	f	21	1	398
9.5	t	59	53	126
7	t	43	18	127
39.5	f	4	1	381
30.5	t	77	44	131
9	t	2	34	132
7	t	6	54	133
39.5	f	7	1	384
39.5	f	8	1	385
6.5	t	31	11	136
18	t	27	13	137
12.5	t	64	60	138
24.5	t	96	1	139
8	t	35	19	140
22.5	t	65	41	141
15.5	t	43	17	142
39.5	f	9	1	386
33.5	f	12	60	46
48.5	f	27	41	53
17.5	t	55	62	148
18.5	t	61	26	149
5	t	69	59	150
14	t	5	8	151
43.5	f	47	8	235
29.5	t	2	16	153
7	t	86	20	154
39.5	f	12	1	389
27.5	t	16	22	156
39.5	f	13	1	390
39.5	f	14	1	391
39.5	f	15	1	392
39.5	f	17	1	394
39.5	f	19	1	396
39.5	f	20	1	397
39.5	f	22	1	399
43.5	f	52	41	323
43.5	f	75	8	351
43	f	54	17	23
44	f	20	14	43
44	f	82	56	145
43.5	f	58	7	161
44	f	62	58	175
43.5	f	50	23	230
3.5	t	41	15	158
23	t	97	55	159
29.5	t	19	10	160
22	t	71	24	162
16	t	45	47	163
27	t	95	9	164
17.5	t	43	24	165
35	f	15	57	56
16	t	13	55	167
26	t	23	45	168
40.5	f	28	17	57
32	f	58	40	65
31	f	8	34	67
2.5	t	51	9	173
30	f	52	3	68
18	t	31	54	177
4	t	57	8	179
6	t	69	56	180
26.5	t	59	20	181
32	f	30	43	72
18.5	t	49	17	183
31.5	t	24	16	184
31.5	t	55	59	185
33	f	62	39	69
14.5	t	32	4	187
32	f	89	56	76
32	f	37	12	78
11	t	34	25	190
35.5	f	17	55	79
30	f	43	9	81
25.5	t	30	52	194
24	t	24	45	195
37.5	f	54	16	275
14	t	88	50	197
7	t	45	19	198
44	f	71	39	86
31.5	f	67	50	91
17.5	t	90	45	201
16	t	2	63	202
32	f	9	28	70
43	f	12	36	278
43.5	f	22	3	288
10	t	17	5	207
19	t	92	23	208
44	f	64	45	289
23.5	t	28	28	210
3	t	37	32	211
26	t	89	48	213
21	t	9	16	214
15.5	t	26	32	215
56.5	f	21	56	92
10.5	t	62	43	217
68.5	f	11	54	85
1	t	76	29	222
13	t	93	35	224
26	t	44	52	225
17	t	20	12	227
9	t	5	6	229
31	t	41	53	231
26	t	78	5	233
11.5	t	67	21	234
11.5	t	27	26	236
27.5	t	58	48	237
7.5	t	52	12	238
14.5	t	75	43	239
17.5	t	17	40	240
30	t	11	35	242
13.5	t	39	22	243
31.5	t	82	38	247
29	t	96	23	248
22.5	t	18	61	249
31.5	t	70	14	253
15.5	t	32	30	254
30.5	t	43	7	258
29	t	72	49	260
18.5	t	85	18	261
6	t	86	19	264
21.5	t	25	26	265
18.5	t	31	59	267
2.5	t	2	34	271
18.5	t	57	36	273
18	t	14	15	274
27.5	t	56	4	276
11	t	79	22	277
17.5	t	44	30	280
12	t	15	33	282
26.5	t	55	54	285
13	t	60	36	287
39	f	62	63	88
31	t	16	10	290
11	t	81	19	292
16.5	t	48	21	294
30.5	t	42	38	295
31	t	65	5	296
26	t	6	30	299
2	t	47	10	300
1	t	5	6	303
19	t	69	48	306
31	t	48	43	310
7.5	t	52	62	311
20.5	t	18	47	313
31	t	51	43	314
47	f	57	23	118
17.5	t	29	54	317
46.5	f	18	10	281
47.5	f	18	7	218
13.5	t	35	43	320
47	f	25	47	342
52	f	25	14	286
25.5	t	86	6	324
18.5	t	36	2	325
13	t	27	18	326
59	f	44	47	209
15.5	t	76	44	331
13	t	69	45	332
26.5	t	4	31	333
24	t	57	53	334
12.5	t	10	47	335
19	t	7	61	336
16.5	t	72	19	338
17	t	8	11	339
10	t	54	35	340
26	t	25	33	343
6	t	62	4	345
26	t	97	3	346
7.5	t	38	37	347
11.5	t	22	6	348
26.5	t	96	23	350
44	f	45	11	166
10	t	18	52	352
28.5	t	11	4	353
114.5	f	6	20	188
18.5	t	16	13	355
6.5	t	29	1	356
27.5	t	36	17	357
1	t	14	57	358
44	f	86	26	250
43.5	f	26	48	268
26	t	87	4	363
44	f	38	35	284
44	f	89	29	307
18	t	67	52	366
12	t	13	4	367
4.5	t	29	50	368
37.5	f	61	46	360
38.5	f	14	5	95
9.5	t	29	35	371
43	f	80	4	96
14	t	31	18	373
33.5	f	17	8	103
11	t	91	2	375
30	f	19	24	104
33.5	f	88	41	94
38.5	f	75	47	99
37	f	12	43	130
32.5	f	73	31	143
33.5	f	82	47	192
32.5	f	79	53	196
34.5	f	59	3	199
36.5	f	19	13	216
33.5	f	58	25	219
34	f	94	24	244
39.5	f	74	53	251
34.5	f	85	42	255
36.5	f	8	39	263
37.5	f	90	22	269
32	f	75	23	272
34	f	97	54	279
39.5	f	48	25	283
37	f	90	54	297
32	f	96	57	298
33.5	f	81	28	301
34	f	55	12	328
37.5	f	73	32	330
37	f	96	4	344
34.5	f	30	59	106
36.5	f	96	45	111
43	f	68	54	112
34	f	7	30	114
34.5	f	53	50	117
38	f	19	52	119
34.5	f	59	5	128
37	f	2	37	129
42	f	55	4	134
40	f	66	4	135
42	f	39	52	144
40.5	f	67	57	146
53	f	65	20	302
46.5	f	65	22	259
47	f	70	37	316
53.5	f	72	35	205
47.5	f	16	35	203
45	f	25	27	27
46.5	f	34	62	62
52	f	50	61	329
54.5	f	77	46	321
55.5	f	84	23	341
62	f	24	36	155
33.5	f	52	26	365
37	f	22	25	370
35	f	9	1	378
35	f	43	6	157
34.5	f	9	4	169
38	f	74	9	171
43	f	60	12	172
31.5	f	45	45	176
36	f	8	59	182
40	f	82	16	189
36.5	f	23	6	191
39	f	17	25	193
34.5	f	76	9	200
35.5	f	37	3	206
43	f	8	58	212
34.5	f	48	34	221
42.5	f	7	12	226
37	f	96	43	228
30	f	48	35	232
43.5	f	78	4	241
35	f	80	61	246
37	f	30	26	252
31.5	f	88	2	256
42	f	19	51	257
37	f	45	50	262
40	f	26	45	270
33	f	2	14	291
42.5	f	68	20	293
37	f	73	29	304
40.5	f	93	5	308
42.5	f	74	3	309
37	f	29	15	312
36.5	f	73	40	322
44	f	56	41	327
38	f	7	5	337
30.5	f	22	54	354
42	f	89	59	359
43.5	f	43	23	361
43	f	78	62	362
42.5	f	92	11	364
41	f	86	47	372
41	f	15	55	374
34.5	f	53	1	376
33	f	4	19	315
34.5	f	67	30	318
31	f	59	41	319
30.5	f	23	10	349
31.5	f	2	7	369
31	f	62	35	9
34.5	f	96	46	12
31	f	37	45	15
34	f	60	23	25
33.5	f	49	13	29
32	f	14	51	44
34.5	f	94	56	101
34.5	f	85	5	105
31	f	20	40	116
33	f	43	44	121
29.5	f	97	20	125
32.5	f	38	15	147
52	f	57	1	434
52	f	63	1	440
52	f	65	1	442
102	f	69	1	446
52	f	70	1	447
52	f	72	1	449
102	f	87	1	464
52	f	91	1	468
114.5	f	32	1	409
52	f	25	1	402
52	f	27	1	404
52	f	34	1	411
139.5	f	31	1	408
164.5	f	36	1	413
52	f	47	1	424
52	f	50	1	427
64.5	f	77	1	454
64.5	f	84	1	461
64.5	f	24	1	401
64.5	f	33	1	410
64.5	f	44	1	421
77	f	83	1	460
77	f	35	1	412
77	f	46	1	423
77	f	51	1	428
89.5	f	95	1	472
89.5	f	41	1	418
39.5	f	23	1	400
39.5	f	26	1	403
39.5	f	28	1	405
39.5	f	29	1	406
39.5	f	30	1	407
39.5	f	37	1	414
39.5	f	38	1	415
39.5	f	39	1	416
39.5	f	40	1	417
39.5	f	42	1	419
39.5	f	43	1	420
39.5	f	45	1	422
39.5	f	48	1	425
39.5	f	49	1	426
39.5	f	52	1	429
39.5	f	53	1	430
39.5	f	54	1	431
39.5	f	55	1	432
39.5	f	56	1	433
39.5	f	58	1	435
39.5	f	59	1	436
39.5	f	60	1	437
39.5	f	61	1	438
39.5	f	62	1	439
39.5	f	64	1	441
39.5	f	66	1	443
39.5	f	67	1	444
39.5	f	68	1	445
39.5	f	71	1	448
39.5	f	73	1	450
39.5	f	74	1	451
39.5	f	75	1	452
39.5	f	76	1	453
39.5	f	78	1	455
39.5	f	79	1	456
39.5	f	80	1	457
39.5	f	81	1	458
39.5	f	82	1	459
39.5	f	85	1	462
39.5	f	86	1	463
39.5	f	88	1	465
39.5	f	89	1	466
39.5	f	90	1	467
39.5	f	92	1	469
39.5	f	93	1	470
39.5	f	94	1	471
39.5	f	96	1	473
39.5	f	97	1	474
\.


--
-- TOC entry 2213 (class 0 OID 0)
-- Dependencies: 189
-- Name: stock_sto_id_seq; Type: SEQUENCE SET; Schema: public; Owner: -
--

SELECT pg_catalog.setval('public.stock_sto_id_seq', 474, true);


--
-- TOC entry 2194 (class 0 OID 18488)
-- Dependencies: 186
-- Data for Name: vente; Type: TABLE DATA; Schema: public; Owner: -
--

COPY public.vente (ven_id, ven_heur, vcom_code, vjour_id) FROM stdin;
1	09:12:00+01	10003	23
2	09:17:00+01	10003	6
3	09:22:00+01	10012	48
4	09:27:00+01	10006	1
5	09:32:00+01	10012	6
6	09:37:00+01	10011	56
7	09:42:00+01	10008	34
8	09:47:00+01	10013	1
9	09:52:00+01	10017	34
10	09:57:00+01	10015	50
11	10:02:00+01	10013	9
12	10:07:00+01	10014	55
13	10:12:00+01	10020	47
14	10:17:00+01	10015	62
15	10:22:00+01	10023	54
16	10:27:00+01	10020	38
17	10:32:00+01	10025	55
18	10:37:00+01	10020	40
19	10:42:00+01	10025	35
20	10:47:00+01	10025	41
21	10:52:00+01	10025	2
22	10:57:00+01	10027	34
23	11:02:00+01	10028	2
24	11:07:00+01	10029	62
25	11:12:00+01	10034	62
26	11:17:00+01	10035	36
27	09:13:00+01	10033	51
28	09:14:00+01	10034	35
29	09:16:00+01	10031	61
30	09:18:00+01	10031	47
31	09:20:00+01	10037	3
32	09:22:00+01	10035	12
33	09:24:00+01	10038	2
34	09:26:00+01	10037	28
35	09:28:00+01	10037	10
36	09:30:00+01	10039	42
37	09:32:00+01	10037	16
38	09:34:00+01	10040	22
39	09:36:00+01	10041	53
40	09:38:00+01	10041	38
41	09:40:00+01	10049	30
42	09:42:00+01	10045	40
43	09:44:00+01	10049	23
44	09:46:00+01	10045	52
45	09:48:00+01	10052	54
46	09:50:00+01	10047	23
47	09:52:00+01	10051	57
48	09:54:00+01	10052	50
49	09:56:00+01	10051	22
50	09:58:00+01	10054	24
51	10:00:00+01	10059	30
52	10:02:00+01	10060	5
53	10:04:00+01	10060	38
54	10:06:00+01	10061	48
55	10:08:00+01	10060	17
56	10:10:00+01	10065	6
57	10:12:00+01	10066	36
58	10:14:00+01	10063	14
59	10:16:00+01	10065	32
60	10:18:00+01	10061	12
61	10:20:00+01	10065	13
62	10:22:00+01	10071	1
63	10:24:00+01	10070	55
64	10:26:00+01	10073	23
65	10:28:00+01	10068	33
66	10:30:00+01	10073	31
67	10:32:00+01	10067	62
68	10:34:00+01	10071	42
69	10:36:00+01	10073	15
70	10:38:00+01	10079	5
71	10:40:00+01	10072	39
72	10:42:00+01	10081	57
73	10:44:00+01	10082	28
74	10:46:00+01	10074	10
75	10:48:00+01	10082	7
76	10:50:00+01	10085	40
77	10:52:00+01	10081	16
78	10:54:00+01	10087	54
79	10:56:00+01	10079	57
80	10:58:00+01	10086	4
81	11:00:00+01	10083	4
82	11:02:00+01	10091	63
83	11:04:00+01	10083	47
84	11:06:00+01	10084	19
85	11:08:00+01	10085	26
86	11:10:00+01	10095	19
87	11:12:00+01	10094	26
88	11:14:00+01	10092	12
89	11:16:00+01	10092	58
90	11:18:00+01	10099	6
91	11:20:00+01	10098	25
92	11:22:00+01	10098	30
93	11:24:00+01	10099	46
94	11:26:00+01	10102	53
95	11:28:00+01	10098	61
96	11:30:00+01	10097	52
97	11:32:00+01	10104	31
98	11:34:00+01	10101	19
99	11:36:00+01	10101	31
100	11:38:00+01	10105	8
101	11:40:00+01	10105	55
102	11:42:00+01	10104	9
103	11:44:00+01	10104	29
104	11:46:00+01	10108	38
105	11:48:00+01	10106	14
106	11:50:00+01	10107	28
107	11:52:00+01	10116	59
108	11:54:00+01	10117	29
109	11:56:00+01	10110	30
110	11:58:00+01	10119	27
111	12:00:00+01	10118	12
112	12:02:00+01	10114	42
113	09:13:00+01	10113	12
114	09:15:00+01	10121	47
115	09:17:00+01	10121	27
116	09:19:00+01	10116	24
117	09:21:00+01	10126	53
118	09:23:00+01	10122	24
119	09:25:00+01	10126	11
120	09:27:00+01	10125	28
121	09:29:00+01	10127	33
122	09:31:00+01	10122	45
123	09:33:00+01	10123	28
124	09:35:00+01	10133	34
125	09:37:00+01	10128	8
126	09:39:00+01	10131	62
127	09:41:00+01	10131	6
128	09:43:00+01	10130	9
129	09:45:00+01	10130	56
130	09:47:00+01	10135	11
131	09:49:00+01	10140	43
132	09:51:00+01	10135	31
133	09:53:00+01	10133	45
134	09:55:00+01	10140	7
135	09:57:00+01	10139	2
136	09:59:00+01	10138	22
137	10:01:00+01	10138	12
138	10:03:00+01	10145	30
139	10:05:00+01	10143	5
140	10:07:00+01	10148	27
141	10:09:00+01	10145	56
142	10:11:00+01	10143	31
143	10:13:00+01	10150	17
144	10:15:00+01	10147	34
145	10:17:00+01	10153	57
146	10:19:00+01	10154	49
147	10:21:00+01	10148	13
148	10:23:00+01	10150	10
149	10:25:00+01	10154	37
150	10:27:00+01	10155	41
151	10:29:00+01	10152	59
152	10:31:00+01	10154	8
153	10:33:00+01	10162	17
154	10:35:00+01	10154	41
155	10:37:00+01	10162	25
156	10:39:00+01	10158	49
157	10:41:00+01	10166	56
158	10:43:00+01	10158	55
159	10:45:00+01	10166	14
160	10:47:00+01	10165	21
161	10:49:00+01	10167	19
162	10:51:00+01	10165	58
163	10:53:00+01	10166	59
164	10:55:00+01	10166	1
165	10:57:00+01	10166	37
166	10:59:00+01	10166	5
167	11:01:00+01	10170	58
168	11:03:00+01	10169	20
169	11:05:00+01	10173	5
170	11:07:00+01	10178	58
171	11:09:00+01	10173	39
172	11:11:00+01	10178	3
173	11:13:00+01	10181	50
174	11:15:00+01	10183	61
175	11:17:00+01	10182	33
176	11:19:00+01	10183	3
177	11:21:00+01	10180	62
178	11:23:00+01	10184	30
179	11:25:00+01	10182	37
180	11:27:00+01	10188	11
181	11:29:00+01	10187	39
182	11:31:00+01	10188	35
183	11:33:00+01	10187	6
184	11:35:00+01	10189	62
185	11:37:00+01	10189	19
186	11:39:00+01	10187	46
187	11:41:00+01	10189	50
188	11:43:00+01	10189	62
189	11:45:00+01	10198	36
190	11:47:00+01	10194	58
191	11:49:00+01	10198	18
192	11:51:00+01	10199	50
193	11:53:00+01	10200	1
194	11:55:00+01	10196	33
195	11:57:00+01	10195	21
196	11:59:00+01	10198	31
197	12:01:00+01	10206	39
198	12:03:00+01	10201	15
199	12:05:00+01	10199	8
200	12:07:00+01	10205	16
201	12:09:00+01	10209	45
202	12:11:00+01	10203	3
203	12:13:00+01	10206	47
204	12:15:00+01	10213	2
205	12:17:00+01	10205	21
206	12:19:00+01	10212	50
207	12:21:00+01	10212	7
208	11:11:00+01	10217	28
209	10:01:00+01	10218	63
210	08:51:00+01	10212	16
211	08:57:00+01	10218	43
212	09:03:00+01	10221	19
213	09:09:00+01	10217	22
214	09:15:00+01	10221	49
215	09:21:00+01	10222	7
216	09:27:00+01	10219	27
217	09:33:00+01	10225	53
218	09:39:00+01	10223	54
219	09:45:00+01	10222	16
220	09:51:00+01	10228	30
221	09:57:00+01	10222	52
222	10:03:00+01	10227	28
223	10:09:00+01	10226	25
224	10:15:00+01	10233	26
225	10:21:00+01	10234	19
226	10:27:00+01	10226	39
227	10:33:00+01	10231	45
228	10:39:00+01	10232	27
229	10:45:00+01	10230	63
230	10:51:00+01	10237	24
231	10:57:00+01	10232	52
232	11:03:00+01	10233	62
233	11:09:00+01	10235	44
234	11:15:00+01	10241	22
235	11:21:00+01	10237	26
236	11:27:00+01	10237	58
237	11:33:00+01	10246	61
238	11:39:00+01	10246	28
239	11:45:00+01	10244	3
240	11:51:00+01	10245	30
241	11:57:00+01	10243	19
242	12:03:00+01	10246	61
243	12:09:00+01	10249	9
244	12:15:00+01	10246	31
245	12:21:00+01	10252	14
246	12:27:00+01	10253	35
247	12:33:00+01	10249	48
248	12:39:00+01	10252	13
249	12:45:00+01	10258	51
250	12:51:00+01	10257	45
251	12:34:00+01	10259	28
252	12:17:00+01	10255	32
253	12:00:00+01	10254	39
254	11:43:00+01	10258	28
255	11:26:00+01	10263	46
256	11:09:00+01	10265	63
257	10:52:00+01	10264	59
258	10:35:00+01	10258	50
259	10:18:00+01	10267	54
260	10:01:00+01	10268	24
261	09:44:00+01	10262	58
262	09:27:00+01	10269	25
263	09:10:00+01	10270	12
264	09:21:00+01	10266	43
265	09:32:00+01	10268	54
266	09:43:00+01	10268	23
267	09:54:00+01	10272	58
268	10:05:00+01	10274	36
269	10:16:00+01	10277	45
270	10:27:00+01	10276	29
271	10:38:00+01	10277	33
272	10:49:00+01	10278	9
273	11:00:00+01	10282	50
274	11:11:00+01	10280	14
275	11:22:00+01	10282	18
276	11:33:00+01	10282	14
277	11:44:00+01	10278	17
278	11:55:00+01	10283	42
279	12:06:00+01	10287	20
280	12:17:00+01	10289	37
281	12:28:00+01	10286	39
282	12:39:00+01	10287	51
283	12:38:00+01	10290	4
284	12:37:00+01	10291	47
285	12:36:00+01	10285	38
286	12:35:00+01	10287	27
287	12:34:00+01	10289	24
288	12:33:00+01	10291	12
289	12:32:00+01	10294	40
290	12:31:00+01	10291	35
291	12:30:00+01	10298	19
292	12:29:00+01	10297	47
293	12:28:00+01	10293	63
294	12:27:00+01	10294	11
295	12:26:00+01	10297	24
296	12:25:00+01	10304	34
297	12:24:00+01	10306	36
298	12:23:00+01	10305	39
299	12:22:00+01	10304	29
300	12:21:00+01	10309	62
301	12:20:00+01	10308	43
302	12:19:00+01	10306	53
303	12:18:00+01	10308	29
304	12:17:00+01	10313	13
305	12:16:00+01	10308	25
306	12:15:00+01	10312	6
307	12:14:00+01	10307	16
308	12:13:00+01	10309	55
309	12:12:00+01	10310	19
310	12:11:00+01	10311	59
311	12:10:00+01	10314	43
312	12:09:00+01	10315	24
313	12:08:00+01	10315	63
314	12:07:00+01	10320	40
315	12:06:00+01	10323	39
316	12:05:00+01	10317	37
317	12:04:00+01	10323	39
318	12:03:00+01	10320	17
319	12:02:00+01	10324	6
320	12:01:00+01	10326	42
321	12:00:00+01	10325	30
322	11:59:00+01	10328	1
323	11:58:00+01	10331	37
324	11:57:00+01	10327	4
325	11:56:00+01	10330	42
326	11:55:00+01	10332	34
327	11:54:00+01	10332	2
328	11:53:00+01	10333	37
329	11:52:00+01	10329	32
330	11:51:00+01	10336	48
331	11:50:00+01	10331	47
332	11:49:00+01	10341	56
333	11:48:00+01	10333	18
334	11:47:00+01	10339	11
335	11:46:00+01	10343	12
336	11:45:00+01	10340	29
337	11:44:00+01	10343	38
338	11:43:00+01	10339	12
339	11:42:00+01	10004	1
340	11:41:00+01	10006	22
341	11:40:00+01	10001	8
342	11:39:00+01	10008	15
343	11:38:00+01	10003	42
344	11:37:00+01	10007	7
345	11:36:00+01	10002	17
346	11:35:00+01	10005	28
347	11:34:00+01	10005	33
348	11:33:00+01	10013	20
349	11:32:00+01	10011	8
350	11:31:00+01	10015	14
351	11:30:00+01	10011	50
352	11:29:00+01	10016	47
353	11:28:00+01	10013	8
354	11:27:00+01	10018	61
355	11:26:00+01	10013	34
356	11:25:00+01	10014	54
357	11:24:00+01	10016	34
358	11:23:00+01	10019	18
359	11:22:00+01	10024	40
360	11:21:00+01	10021	51
361	11:20:00+01	10021	6
362	11:19:00+01	10025	6
363	11:18:00+01	10024	15
364	11:17:00+01	10023	44
365	11:16:00+01	10023	44
366	11:15:00+01	10025	44
367	11:14:00+01	10033	53
368	11:13:00+01	10031	2
369	11:12:00+01	10033	10
370	11:11:00+01	10036	41
371	11:10:00+01	10035	60
372	11:09:00+01	10030	3
373	11:08:00+01	10034	19
374	11:07:00+01	10040	54
375	11:06:00+01	10033	32
376	11:05:00+01	10035	28
377	11:04:00+01	10040	47
378	11:03:00+01	10037	61
379	11:02:00+01	10037	14
380	11:01:00+01	10046	37
381	11:00:00+01	10041	16
382	10:59:00+01	10042	59
383	10:58:00+01	10040	21
384	10:57:00+01	10049	5
385	10:56:00+01	10042	8
386	10:55:00+01	10051	28
387	10:54:00+01	10046	50
388	10:53:00+01	10049	48
389	10:52:00+01	10052	41
390	10:51:00+01	10047	56
391	10:50:00+01	10050	61
392	10:49:00+01	10057	56
393	10:48:00+01	10055	54
394	10:47:00+01	10058	59
395	10:46:00+01	10054	28
396	10:45:00+01	10061	43
397	10:44:00+01	10060	21
398	10:43:00+01	10059	10
399	10:42:00+01	10065	48
400	10:41:00+01	10062	60
401	10:40:00+01	10062	25
402	10:39:00+01	10063	20
403	10:38:00+01	10069	43
404	10:37:00+01	10070	47
405	10:36:00+01	10071	37
406	10:35:00+01	10071	15
407	10:34:00+01	10064	28
408	10:33:00+01	10067	59
409	10:32:00+01	10074	3
410	10:31:00+01	10070	22
411	10:30:00+01	10069	19
412	10:29:00+01	10069	55
413	10:28:00+01	10071	31
414	10:27:00+01	10080	41
415	10:26:00+01	10081	11
416	10:25:00+01	10077	13
417	10:24:00+01	10076	44
418	10:23:00+01	10084	30
419	10:22:00+01	10081	4
420	10:21:00+01	10077	57
421	10:20:00+01	10083	53
422	10:19:00+01	10084	57
423	10:18:00+01	10089	14
424	10:17:00+01	10083	41
425	10:16:00+01	10085	2
426	10:15:00+01	10087	2
427	10:14:00+01	10086	17
428	10:13:00+01	10093	57
429	10:12:00+01	10090	26
430	10:11:00+01	10095	36
431	10:10:00+01	10088	41
432	10:09:00+01	10089	27
433	10:08:00+01	10096	23
434	10:07:00+01	10092	51
435	10:06:00+01	10101	18
436	10:05:00+01	10099	42
437	10:04:00+01	10096	50
438	10:03:00+01	10101	44
439	10:02:00+01	10099	40
440	10:01:00+01	10099	58
441	10:00:00+01	10101	43
442	09:59:00+01	10108	2
443	09:58:00+01	10100	34
444	09:57:00+01	10108	6
445	09:56:00+01	10103	3
446	09:55:00+01	10103	52
447	09:54:00+01	10107	31
448	09:53:00+01	10106	26
449	09:52:00+01	10114	12
450	09:51:00+01	10107	45
451	09:50:00+01	10116	24
452	09:49:00+01	10117	1
453	09:48:00+01	10110	27
454	09:47:00+01	10118	21
455	09:46:00+01	10121	12
456	09:45:00+01	10114	26
457	09:44:00+01	10122	56
458	09:43:00+01	10124	36
459	09:42:00+01	10116	53
460	09:41:00+01	10119	43
461	09:40:00+01	10118	13
462	09:39:00+01	10121	53
463	09:38:00+01	10125	33
464	09:37:00+01	10122	50
465	09:36:00+01	10124	6
466	09:35:00+01	10125	13
467	09:34:00+01	10132	8
468	09:33:00+01	10125	38
469	09:32:00+01	10135	40
470	09:31:00+01	10134	30
471	09:30:00+01	10129	53
472	09:29:00+01	10132	29
473	09:28:00+01	10134	22
474	09:27:00+01	10140	7
475	09:26:00+01	10136	11
476	09:25:00+01	10133	2
477	09:24:00+01	10141	14
478	09:23:00+01	10135	26
479	09:22:00+01	10138	42
480	09:21:00+01	10143	42
481	09:20:00+01	10146	11
482	09:19:00+01	10144	10
483	09:18:00+01	10143	33
484	09:17:00+01	10149	42
485	09:16:00+01	10143	30
486	09:15:00+01	10144	7
487	09:14:00+01	10148	18
488	09:13:00+01	10152	19
489	09:12:00+01	10146	2
490	09:11:00+01	10148	50
491	09:10:00+01	10155	39
492	09:09:00+01	10150	39
493	09:08:00+01	10156	3
494	09:07:00+01	10158	57
495	09:06:00+01	10152	4
496	09:05:00+01	10162	58
497	09:04:00+01	10162	43
498	09:03:00+01	10157	1
499	09:02:00+01	10163	42
500	09:01:00+01	10165	40
501	09:00:00+01	10161	20
502	09:00:00+01	10160	40
\.


--
-- TOC entry 2214 (class 0 OID 0)
-- Dependencies: 185
-- Name: vente_ven_id_seq; Type: SEQUENCE SET; Schema: public; Owner: -
--

SELECT pg_catalog.setval('public.vente_ven_id_seq', 502, true);


--
-- TOC entry 2064 (class 2606 OID 18599)
-- Name: pk_stock; Type: CONSTRAINT; Schema: public; Owner: -
--

ALTER TABLE ONLY public.stock
    ADD CONSTRAINT pk_stock PRIMARY KEY (sto_id);


--
-- TOC entry 2068 (class 2606 OID 18604)
-- Name: prk_constraint_commune; Type: CONSTRAINT; Schema: public; Owner: -
--

ALTER TABLE ONLY public.commune
    ADD CONSTRAINT prk_constraint_commune PRIMARY KEY (com_code);


--
-- TOC entry 2066 (class 2606 OID 18503)
-- Name: prk_constraint_contenu; Type: CONSTRAINT; Schema: public; Owner: -
--

ALTER TABLE ONLY public.contenu
    ADD CONSTRAINT prk_constraint_contenu PRIMARY KEY (cven_id, cpro_id);


--
-- TOC entry 2060 (class 2606 OID 18480)
-- Name: prk_constraint_jour; Type: CONSTRAINT; Schema: public; Owner: -
--

ALTER TABLE ONLY public.jour
    ADD CONSTRAINT prk_constraint_jour PRIMARY KEY (jour_id);


--
-- TOC entry 2058 (class 2606 OID 18472)
-- Name: prk_constraint_produit; Type: CONSTRAINT; Schema: public; Owner: -
--

ALTER TABLE ONLY public.produit
    ADD CONSTRAINT prk_constraint_produit PRIMARY KEY (pro_id);


--
-- TOC entry 2062 (class 2606 OID 18493)
-- Name: prk_constraint_vente; Type: CONSTRAINT; Schema: public; Owner: -
--

ALTER TABLE ONLY public.vente
    ADD CONSTRAINT prk_constraint_vente PRIMARY KEY (ven_id);


--
-- TOC entry 2074 (class 2606 OID 18529)
-- Name: fk_contenu_pro_id; Type: FK CONSTRAINT; Schema: public; Owner: -
--

ALTER TABLE ONLY public.contenu
    ADD CONSTRAINT fk_contenu_pro_id FOREIGN KEY (cpro_id) REFERENCES public.produit(pro_id);


--
-- TOC entry 2073 (class 2606 OID 18524)
-- Name: fk_contenu_ven_id; Type: FK CONSTRAINT; Schema: public; Owner: -
--

ALTER TABLE ONLY public.contenu
    ADD CONSTRAINT fk_contenu_ven_id FOREIGN KEY (cven_id) REFERENCES public.vente(ven_id);


--
-- TOC entry 2072 (class 2606 OID 18519)
-- Name: fk_stock_jour_id; Type: FK CONSTRAINT; Schema: public; Owner: -
--

ALTER TABLE ONLY public.stock
    ADD CONSTRAINT fk_stock_jour_id FOREIGN KEY (sjour_id) REFERENCES public.jour(jour_id);


--
-- TOC entry 2071 (class 2606 OID 18514)
-- Name: fk_stock_pro_id; Type: FK CONSTRAINT; Schema: public; Owner: -
--

ALTER TABLE ONLY public.stock
    ADD CONSTRAINT fk_stock_pro_id FOREIGN KEY (spro_id) REFERENCES public.produit(pro_id);


--
-- TOC entry 2070 (class 2606 OID 18606)
-- Name: fk_vente_com_code; Type: FK CONSTRAINT; Schema: public; Owner: -
--

ALTER TABLE ONLY public.vente
    ADD CONSTRAINT fk_vente_com_code FOREIGN KEY (vcom_code) REFERENCES public.commune(com_code);


--
-- TOC entry 2069 (class 2606 OID 18509)
-- Name: fk_vente_jour_id; Type: FK CONSTRAINT; Schema: public; Owner: -
--

ALTER TABLE ONLY public.vente
    ADD CONSTRAINT fk_vente_jour_id FOREIGN KEY (vjour_id) REFERENCES public.jour(jour_id);



--

